ICM0001_COSAG.1_Mamiellophyceae	AH2981
ICM0001_COSAG.1_Mamiellophyceae	AH2984
ICM0001_COSAG.1_Mamiellophyceae	AH2985
ICM0001_COSAG.1_Mamiellophyceae	AH6110
ICM0001_COSAG.1_Mamiellophyceae	AH6113
ICM0001_COSAG.1_Mamiellophyceae	AH6122
ICM0001_COSAG.1_Mamiellophyceae	P3_23
ICM0001_COSAG.1_Mamiellophyceae	P3_81
ICM0001_COSAG.1_Mamiellophyceae	P4_08
ICM0001_COSAG.1_Mamiellophyceae	P4_30
ICM0001_COSAG.1_Mamiellophyceae	P4_53
ICM0002_COSAG.1_Chrysophyceae	AH2987
ICM0002_COSAG.1_Chrysophyceae	AH6115
ICM0002_COSAG.1_Chrysophyceae	P1_88
ICM0002_COSAG.1_Chrysophyceae	P2_71
ICM0003_COSAG.1_Prymnesiophyceae	AH2988
ICM0003_COSAG.1_Prymnesiophyceae	P3_93
ICM0004_COSAG.1_Prymnesiophyceae	AH2989
ICM0004_COSAG.1_Prymnesiophyceae	AH6112
ICM0004_COSAG.1_Prymnesiophyceae	AH2990
ICM0005_SAG.1_MALV-I	AH2991
ICM0006_COSAG.1_MAST-3	AH2992
ICM0006_COSAG.1_MAST-3	AH6144
ICM0006_COSAG.1_MAST-3	P1_18
ICM0006_COSAG.1_MAST-3	P1_58
ICM0006_COSAG.1_MAST-3	P2_36
ICM0007_COSAG.1_MAST-3	AH2993
ICM0007_COSAG.1_MAST-3	AH2994
ICM0007_COSAG.1_MAST-3	AH6147
ICM0007_COSAG.1_MAST-3	AH6153
ICM0008_SAG.1_Choanoflagellata	AH2996
ICM0009_SAG.1_Labyrinthulomycetes	AH2997
ICM0010_COSAG.1_MAST-4	AH2998
ICM0010_COSAG.1_MAST-4	AH6149
ICM0010_COSAG.1_MAST-4	GC1003827_F11
ICM0011_COSAG.1_Chlorarachnea	AH2999
ICM0011_COSAG.1_Chlorarachnea	AP7859
ICM0011_COSAG.1_Chlorarachnea	AP7860
ICM0011_COSAG.1_Chlorarachnea	AP7861
ICM0011_COSAG.1_Chlorarachnea	AP7862
ICM0012_SAG.1_MALV-I	AH3000
ICM0013_COSAG.1_MAST-1	AH3001
ICM0013_COSAG.1_MAST-1	AH6158
ICM0013_COSAG.1_MAST-1	AH6159
ICM0013_COSAG.1_MAST-1	AH6161
ICM0013_COSAG.1_MAST-1	AH6170
ICM0013_COSAG.1_MAST-1	AH6172
ICM0014_SAG.1_MAST-1	AH3002
ICM0015_COSAG.1_Prymnesiophyceae	AH6111
ICM0015_COSAG.1_Prymnesiophyceae	AH6127
ICM0016_COSAG.1_Dictyochophyceae	AH2980
ICM0016_COSAG.1_Dictyochophyceae	P3_14
ICM0016_COSAG.1_Dictyochophyceae	P3_45
ICM0017_SAG.1_MAST-8	AH6134
ICM0018_SAG.1_MALV-I	AH6136
ICM0019_COSAG.1_Choanoflagellata	P1_11
ICM0019_COSAG.1_Choanoflagellata	P2_14
ICM0019_COSAG.1_Choanoflagellata	P2_18
ICM0019_COSAG.1_Choanoflagellata	P2_72
ICM0019_COSAG.1_Choanoflagellata	P2_84
ICM0019_COSAG.1_Choanoflagellata	P3_08
ICM0020_SAG.1_MALV-II	AH6138
ICM0021_SAG.1_MALV-I	AH6139
ICM0022_SAG.1_MALV-II	AH6140
ICM0023_SAG.1_MAST-8	AH6141
ICM0024_COSAG.1_MAST-8	AH6160
ICM0024_COSAG.1_MAST-8	AH6174
ICM0025_SAG.1_Dictyochophyceae	AH6163
ICM0026_COSAG.1_MAST-1	AH6165
ICM0026_COSAG.1_MAST-1	AH6166
ICM0027_SAG.1_Dictyochophyceae	AH6119
ICM0028_COSAG.1_Mamiellophyceae	AH6125
ICM0028_COSAG.1_Mamiellophyceae	P3_91
ICM0028_COSAG.1_Mamiellophyceae	P4_07
ICM0028_COSAG.1_Mamiellophyceae	P4_26
ICM0028_COSAG.1_Mamiellophyceae	P4_29
ICM0028_COSAG.1_Mamiellophyceae	P4_51
ICM0028_COSAG.1_Mamiellophyceae	P4_76
ICM0029_SAG.1_Chrysophyceae	AH6126
ICM0030_SAG.1_Mamiellophyceae	AH6130
ICM0031_SAG.1_Chrysophyceae	AH6131
ICM0032_SAG.1_MALV-II	AH6135
ICM0033_SAG.1_MALV-II	AH6146
ICM0034_SAG.1_MALV-II	AH6167
ICM0035_SAG.1_MAST-2	AH6169
ICM0036_COSAG.1_Picozoa	AH6173
ICM0036_COSAG.1_Picozoa	AP7863
ICM0036_COSAG.1_Picozoa	AP7864
ICM0036_COSAG.1_Picozoa	AP7865
ICM0037_SAG.1_MAST-3	AH6175
ICM0038_SAG.1_Chrysophyceae	AH6178
ICM0039_SAG.1_Telonemia	AH6179
ICM0040_SAG.1_Picozoa	AH6181
ICM0041_COSAG.1_Chlorarachnea	P1_05
ICM0041_COSAG.1_Chlorarachnea	P1_17
ICM0041_COSAG.1_Chlorarachnea	P1_43
ICM0041_COSAG.1_Chlorarachnea	P1_64
ICM0041_COSAG.1_Chlorarachnea	P1_83
ICM0041_COSAG.1_Chlorarachnea	P1_90
ICM0041_COSAG.1_Chlorarachnea	P1_91
ICM0041_COSAG.1_Chlorarachnea	P2_05
ICM0041_COSAG.1_Chlorarachnea	P2_06
ICM0041_COSAG.1_Chlorarachnea	P2_15
ICM0041_COSAG.1_Chlorarachnea	P2_29
ICM0041_COSAG.1_Chlorarachnea	P2_31
ICM0041_COSAG.1_Chlorarachnea	P2_33
ICM0041_COSAG.1_Chlorarachnea	P2_37
ICM0041_COSAG.1_Chlorarachnea	P2_40
ICM0041_COSAG.1_Chlorarachnea	P2_48
ICM0041_COSAG.1_Chlorarachnea	P2_51
ICM0041_COSAG.1_Chlorarachnea	P2_80
ICM0041_COSAG.1_Chlorarachnea	P2_81
ICM0041_COSAG.1_Chlorarachnea	P2_94
ICM0041_COSAG.1_Chlorarachnea	P3_04
ICM0041_COSAG.1_Chlorarachnea	P3_13
ICM0042_COSAG.1_MAST-4	GC1003827_E10
ICM0042_COSAG.1_MAST-4	GC1003837_A07
ICM0042_COSAG.1_MAST-4	P1_14
ICM0042_COSAG.1_MAST-4	P1_27
ICM0042_COSAG.1_MAST-4	P1_29
ICM0042_COSAG.1_MAST-4	P1_33
ICM0042_COSAG.1_MAST-4	P1_47
ICM0043_COSAG.1_MAST-7	P1_19
ICM0043_COSAG.1_MAST-7	P2_35
ICM0043_COSAG.1_MAST-7	P3_02
ICM0044_SAG.1_Labyrinthulomycetes	P1_35
ICM0045_COSAG.1_MAST-3	GC1003827_G01
ICM0045_COSAG.1_MAST-3	P1_38
ICM0046_SAG.1_MAST-3	P1_46
ICM0047_SAG.1_Endomyxa	P1_49
ICM0048_COSAG.1_Chrysophyceae	GC1003828_A02
ICM0048_COSAG.1_Chrysophyceae	P1_53
ICM0048_COSAG.1_Chrysophyceae	P3_29
ICM0048_COSAG.1_Chrysophyceae	P4_25
ICM0049_SAG.1_MAST-7	P1_60
ICM0050_SAG.1_MAST-7	P2_59
ICM0051_COSAG.1_MAST-3	P1_65
ICM0051_COSAG.1_MAST-3	P2_04
ICM0052_COSAG.1_MAST-7	GC1003827_F05
ICM0052_COSAG.1_MAST-7	P1_84
ICM0052_COSAG.1_MAST-7	P2_69
ICM0053_COSAG.1_Chrysophyceae	P2_45
ICM0053_COSAG.1_Chrysophyceae	P4_44
ICM0053_COSAG.1_Chrysophyceae	P4_57
ICM0054_COSAG.1_Labyrinthulomycetes	GC1003827_G04
ICM0054_COSAG.1_Labyrinthulomycetes	P1_92
ICM0055_SAG.1_Picozoa	P2_01
ICM0056_SAG.1_Choanoflagellata	P2_58
ICM0057_COSAG.1_Unknown	P2_89
ICM0057_COSAG.1_Unknown	P2_78
ICM0058_SAG.1_Cercozoa	P2_79
ICM0059_SAG.1_MAST-7	P2_82
ICM0060_SAG.1_MAST-1	P2_92
ICM0061_SAG.1_Basidiomycota	P3_10
ICM0062_COSAG.1_Mamiellophyceae	P3_15
ICM0062_COSAG.1_Mamiellophyceae	P3_21
ICM0062_COSAG.1_Mamiellophyceae	P3_31
ICM0062_COSAG.1_Mamiellophyceae	P3_38
ICM0062_COSAG.1_Mamiellophyceae	P3_40
ICM0062_COSAG.1_Mamiellophyceae	P3_46
ICM0062_COSAG.1_Mamiellophyceae	P3_51
ICM0062_COSAG.1_Mamiellophyceae	P3_63
ICM0062_COSAG.1_Mamiellophyceae	P3_66
ICM0062_COSAG.1_Mamiellophyceae	P3_71
ICM0062_COSAG.1_Mamiellophyceae	P3_94
ICM0062_COSAG.1_Mamiellophyceae	P4_02
ICM0062_COSAG.1_Mamiellophyceae	P4_09
ICM0062_COSAG.1_Mamiellophyceae	P4_15
ICM0062_COSAG.1_Mamiellophyceae	P4_24
ICM0062_COSAG.1_Mamiellophyceae	P4_31
ICM0062_COSAG.1_Mamiellophyceae	P4_35
ICM0062_COSAG.1_Mamiellophyceae	P4_39
ICM0062_COSAG.1_Mamiellophyceae	P4_49
ICM0062_COSAG.1_Mamiellophyceae	P4_62
ICM0062_COSAG.1_Mamiellophyceae	P4_68
ICM0062_COSAG.1_Mamiellophyceae	P4_69
ICM0062_COSAG.1_Mamiellophyceae	P4_72
ICM0062_COSAG.1_Mamiellophyceae	P4_73
ICM0063_COSAG.1_Mamiellophyceae	P3_18
ICM0063_COSAG.1_Mamiellophyceae	P3_34
ICM0063_COSAG.1_Mamiellophyceae	P3_37
ICM0063_COSAG.1_Mamiellophyceae	P3_41
ICM0063_COSAG.1_Mamiellophyceae	P3_52
ICM0063_COSAG.1_Mamiellophyceae	P3_84
ICM0063_COSAG.1_Mamiellophyceae	P4_59
ICM0064_SAG.1_Mamiellophyceae	P3_57
ICM0065_COSAG.1_Prymnesiophyceae	P3_20
ICM0065_COSAG.1_Prymnesiophyceae	P3_44
ICM0065_COSAG.1_Prymnesiophyceae	P3_60
ICM0065_COSAG.1_Prymnesiophyceae	P3_83
ICM0065_COSAG.1_Prymnesiophyceae	P3_87
ICM0065_COSAG.1_Prymnesiophyceae	P3_88
ICM0065_COSAG.1_Prymnesiophyceae	P3_92
ICM0065_COSAG.1_Prymnesiophyceae	P4_33
ICM0065_COSAG.1_Prymnesiophyceae	P4_85
ICM0066_SAG.1_Pinguiophyceae	P3_24
ICM0067_COSAG.1_Diatomea	GC1003828_A09
ICM0067_COSAG.1_Diatomea	GC1003828_B10
ICM0067_COSAG.1_Diatomea	P3_27
ICM0068_COSAG.1_Diatomea	P4_43
ICM0068_COSAG.1_Diatomea	P4_55
ICM0069_SAG.1_Dictyochophyceae	P3_35
ICM0070_SAG.1_Chrysophyceae	P3_49
ICM0071_SAG.1_Prymnesiophyceae	P3_53
ICM0072_SAG.1_Prymnesiophyceae	P3_54
ICM0073_SAG.1_Mamiellophyceae	P3_62
ICM0074_SAG.1_Diatomea	P3_64
ICM0075_COSAG.1_MOCH-2	P3_68
ICM0075_COSAG.1_MOCH-2	P4_54
ICM0075_COSAG.1_MOCH-2	P4_82
ICM0076_COSAG.1_Chlorodendrophyceae	P3_70
ICM0076_COSAG.1_Chlorodendrophyceae	P3_72
ICM0076_COSAG.1_Chlorodendrophyceae	P4_77
ICM0077_COSAG.1_Mamiellophyceae	P3_75
ICM0077_COSAG.1_Mamiellophyceae	P3_89
ICM0077_COSAG.1_Mamiellophyceae	P4_01
ICM0077_COSAG.1_Mamiellophyceae	P4_13
ICM0077_COSAG.1_Mamiellophyceae	P4_45
ICM0077_COSAG.1_Mamiellophyceae	P4_48
ICM0077_COSAG.1_Mamiellophyceae	P4_65
ICM0077_COSAG.1_Mamiellophyceae	P4_84
ICM0078_COSAG.1_Prymnesiophyceae	P3_79
ICM0078_COSAG.1_Prymnesiophyceae	P4_17
ICM0079_COSAG.1_Chrysophyceae	P3_82
ICM0079_COSAG.1_Chrysophyceae	P4_20
ICM0079_COSAG.1_Chrysophyceae	P4_80
ICM0080_SAG.1_Chrysophyceae	P3_86
ICM0081_SAG.1_MAST-12	P4_03
ICM0082_COSAG.1_Prymnesiophyceae	P3_55
ICM0082_COSAG.1_Prymnesiophyceae	P4_06
ICM0083_SAG.1_Prymnesiophyceae	P4_14
ICM0084_SAG.1_Prymnesiophyceae	P4_16
ICM0085_SAG.1_Chrysophyceae	P4_19
ICM0086_SAG.1_Chrysophyceae	P4_22
ICM0087_SAG.1_Diatomea	P4_28
ICM0088_SAG.1_Mamiellophyceae	P4_36
ICM0089_SAG.1_Prymnesiophyceae	P4_38
ICM0090_SAG.1_Mamiellophyceae	P4_41
ICM0091_COSAG.1_Bolidophyceae	GC1003828_A01
ICM0091_COSAG.1_Bolidophyceae	P4_42
ICM0091_COSAG.1_Bolidophyceae	P4_47
ICM0092_COSAG.1_Chrysophyceae	P4_46
ICM0092_COSAG.1_Chrysophyceae	P4_63
ICM0092_COSAG.1_Chrysophyceae	P4_71
ICM0092_COSAG.1_Chrysophyceae	P4_83
ICM0093_SAG.1_Chlorophyta	P4_56
ICM0094_SAG.1_Centroplasthelida	P4_58
ICM0095_COSAG.1_Centroplasthelida	P4_75
ICM0095_COSAG.1_Centroplasthelida	P4_86
ICM0096_SAG.1_Mamiellophyceae	P4_78
ICM0097_SAG.1_Diatomea	P4_79
ICM0098_SAG.1_Chrysophyceae	P4_81
ICM0099_SAG.1_Prymnesiophyceae	P3_17
ICM0100_SAG.1_Prymnesiophyceae	P3_22
ICM0101_COSAG.1_Prymnesiophyceae	P3_25
ICM0101_COSAG.1_Prymnesiophyceae	P3_56
ICM0101_COSAG.1_Prymnesiophyceae	P4_27
ICM0102_SAG.1_Prymnesiophyceae	P3_28
ICM0103_SAG.1_Prymnesiophyceae	P3_30
ICM0104_SAG.1_Prymnesiophyceae	P3_33
ICM0105_SAG.1_Prymnesiophyceae	P3_36
ICM0106_COSAG.1_Prymnesiophyceae	P3_39
ICM0106_COSAG.1_Prymnesiophyceae	P3_95
ICM0107_COSAG.1_Prymnesiophyceae	P3_42
ICM0107_COSAG.1_Prymnesiophyceae	P4_18
ICM0108_SAG.1_Prymnesiophyceae	P3_48
ICM0109_SAG.1_Prymnesiophyceae	P3_50
ICM0110_SAG.1_Prymnesiophyceae	P3_58
ICM0111_SAG.1_Prymnesiophyceae	P3_59
ICM0112_SAG.1_Prymnesiophyceae	P3_61
ICM0113_SAG.1_Prymnesiophyceae	P3_65
ICM0114_SAG.1_Prymnesiophyceae	P3_69
ICM0115_COSAG.1_Prymnesiophyceae	P3_73
ICM0115_COSAG.1_Prymnesiophyceae	P4_23
ICM0116_SAG.1_Prymnesiophyceae	P3_85
ICM0117_SAG.1_Prymnesiophyceae	P3_90
ICM0118_SAG.1_Prymnesiophyceae	P3_96
ICM0119_SAG.1_Dinoflagellata	P4_04
ICM0120_COSAG.1_Prymnesiophyceae	P4_05
ICM0120_COSAG.1_Prymnesiophyceae	P4_37
ICM0121_SAG.1_Prymnesiophyceae	P4_10
ICM0122_COSAG.1_Prymnesiophyceae	P4_11
ICM0122_COSAG.1_Prymnesiophyceae	P4_21
ICM0123_SAG.1_Prymnesiophyceae	P4_32
ICM0124_SAG.1_Prymnesiophyceae	P4_34
ICM0125_SAG.1_Prymnesiophyceae	P4_40
ICM0126_SAG.1_Prymnesiophyceae	P4_50
ICM0127_SAG.1_Prymnesiophyceae	P4_61
ICM0128_SAG.1_Prymnesiophyceae	P4_64
ICM0129_SAG.1_Prymnesiophyceae	P4_67
ICM0130_SAG.1_Prymnesiophyceae	P4_70
ICM0131_SAG.1_Prymnesiophyceae	P4_74
ICM0132_SAG.1_Prymnesiophyceae	P4_87
ICM0133_SAG.1_Kinetoplastea	GC1003827_B05
ICM0134_COSAG.1_MAST-7	GC1003827_C11
ICM0134_COSAG.1_MAST-7	GC1003827_D03
ICM0135_SAG.1_Cercozoa	GC1003827_D04
ICM0136_SAG.1_MAST-3	GC1003827_D12
ICM0137_SAG.1_Tunicaraptor	GC1003827_E11
ICM0138_SAG.1_MAST-9	GC1003827_E12
ICM0139_SAG.1_Chlorarachnea	GC1003828_A07
ICM0140_COSAG.1_Chlorodendrophyceae	GC1003828_A08
ICM0140_COSAG.1_Chlorodendrophyceae	GC1003828_B07
ICM0141_SAG.1_Diatomea	GC1003828_B05
ICM0142_SAG.1_Prymnesiophyceae	GC1003828_B06
ICM0143_SAG.1_Choanoflagellata	GC1003837_A04
ICM0144_SAG.1_MAST-3	GC1003837_B04
ICM0145_SAG.1_Choanoflagellata	GC1003837_B07
ICM0146_SAG.1_Ciliophora	GC1003837_C01
ICM0147_SAG.1_Picozoa	GC1003838_B04
